INSERT INTO `users` (id,email,name,username,password,avatar,profile_bio,created_at) VALUES (1,'izzwii.izabella@gmail.com','Izabella Larsson','izabellalarsson','$2y$10$sFaTy0ITcJSe.VXcr1rdDeIVsV2aKM2MQtq14MuouQNIyiKiGOHUO','1-izabellalarsson.png','Jag heter izabella och jag är 25år','2018-12-14 16:03:45');
INSERT INTO `users` (id,email,name,username,password,avatar,profile_bio,created_at) VALUES (2,'vanessa2@larsson.se','Vanessa Larsson','vanessa2','$2y$10$SikK4pjfK4csRgVI1Gc70.KwzhpT0sqXb4D83IIt9mBWmrUECpkf2','2-vanessa2.jpg','hej på dig','2018-12-17 13:37:23');
INSERT INTO `users` (id,email,name,username,password,avatar,profile_bio,created_at) VALUES (3,'ture@larsson.se','Ture Larsson','Ture','$2y$10$mW40xOllehkkF0X0AWFZYOzYR3km3BF2p9sejG0ydGT0F.kI9toXK','3-Ture.jpg','hej jag heter ture','2018-12-17 16:47:30');
INSERT INTO `users` (id,email,name,username,password,avatar,profile_bio,created_at) VALUES (4,'erik.arvidsson.89@gmail.com','Erik Arvidsson','erik3000','$2y$10$izHdcCMuXT1SauhU.CSQp.EY7Z5HGrq/CWwVYzMwLD2g5HvSMF7Zq','4-erik3000.jpg','hej hej alla följare :)','2018-12-18 12:29:08');
INSERT INTO `users` (id,email,name,username,password,avatar,profile_bio,created_at) VALUES (5,'izzwii@gmail.com','izabella','izabella','$2y$10$RzCuVg3FXvQMdyh/w0kza.a1tilmOGJZLR9CSMZv5FSzuM.xoPiei','5-izabella.jpg',NULL,'2018-12-19 12:30:21');
INSERT INTO `users` (id,email,name,username,password,avatar,profile_bio,created_at) VALUES (6,'lollo_cool@hot.se','Lovisa Hallgren','lollo','$2y$10$2s7pcz4ud.BT/76ZbsUWROjnsAhCGzscISqGsBC/dj/RlsucNd30q','6-lollo.jpg',NULL,'2018-12-19 12:44:44');
INSERT INTO `users` (id,email,name,username,password,avatar,profile_bio,created_at) VALUES (7,'francis@darjeeling.com','korvus','korv','$2y$10$//t3N1T.M45Ueijgfj39YuLCzIVC9pskIO6TRrflGyMroriwBEQhC','7-vanessa2.jpg','hej','2018-12-20 10:48:36');
INSERT INTO `users` (id,email,name,username,password,avatar,profile_bio,created_at) VALUES (8,'vifi@gr.se','hej','kpå','$2y$10$nX.fzTMOUF2TZi45KVBmwuwGefe591KMDqSrWde6S1F1u1CTV2pai','8-kpå.jpg','hej jag heter korv och jag är korv','2018-12-20 10:52:07');
INSERT INTO `users` (id,email,name,username,password,avatar,profile_bio,created_at) VALUES (9,'love.schiller.gunnarsson@gbgsd.se','love schilla','schilla','$2y$10$y6U1RNu8AbB0HXKAbuLSmOUU2M7cAwY4p0falDYqYHrHvEP9fdQ2S','9-.jpg',NULL,'2018-12-28 16:14:30');
INSERT INTO `users` (id,email,name,username,password,avatar,profile_bio,created_at) VALUES (10,'cathi@cathis.se','Cathrine Larsson','cathi','$2y$10$8Y2L7yk8fyJ.qEA/cv.ekurJzyEp0rMO5a9pLozf1mIaiIJqhU9ua','10-cathi.jpg',NULL,'2019-01-08 15:13:35');
INSERT INTO `users` (id,email,name,username,password,avatar,profile_bio,created_at) VALUES (11,'hejsans@hejsand.se','hejsans','hejrå','$2y$10$G2vKSZK8DlO3HAkWSU0Wc.XHzuhZgnw0mFTNCEMbAOMFSUKffmDLy','11-hejrå.',NULL,'2019-01-08 15:20:14');
INSERT INTO `users` (id,email,name,username,password,avatar,profile_bio,created_at) VALUES (12,'vatten@vatten.se','vatten','vatten','$2y$10$mDJePbobf7ffPkGCxsMt/evVrDZWZfeUp8FxigzoXh049.QQFqyb2','12-vatten.jpg',NULL,'2019-01-08 15:25:15');
INSERT INTO `users` (id,email,name,username,password,avatar,profile_bio,created_at) VALUES (13,'blo@blo.se','blä','blä','$2y$10$r7uoNcv0z/2cGYTgMGwSjOZtn/G32I.pvCpnMJfFPAOYjonPzyjEm','13-blä.jpg',NULL,'2019-01-08 15:47:23');
INSERT INTO `users` (id,email,name,username,password,avatar,profile_bio,created_at) VALUES (14,'lovisa@hallgen.se','Lovisa Hallgren','lovis','$2y$10$xX6xe49eYYpAtKKwJ4i3Ie1kyyaVmBA1w5aaLj.3IXU4G3m08DziG','default.jpg',NULL,'2019-01-09 12:03:43');
INSERT INTO `users` (id,email,name,username,password,avatar,profile_bio,created_at) VALUES (15,'ko@ko.se','ko','ko','$2y$10$uH7V5cemoFiOQ8C4uM.NHOhR9ck2WiowhbU1Uwn3F3tKLYCaarw9y','default.jpg',NULL,'2019-01-09 12:28:17');
INSERT INTO `users` (id,email,name,username,password,avatar,profile_bio,created_at) VALUES (16,'kom@kom.se','Kom','izzwii','$2y$10$UzZL07NGVyNELCQgg9poR.gqckiop0hkISeZE0dhH6XiHiwYyeo8u','16-izzwii.jpg','hej','2019-01-09 16:28:41');
INSERT INTO `users` (id,email,name,username,password,avatar,profile_bio,created_at) VALUES (17,'yoho@yoho.com','Love','yoho','$2y$10$QURabjuSXvlH8RVBCaQQuO62/kfH2h0hWtA8O/duG1SyVly6IOFka','17-yoho.jpg',NULL,'2019-01-11 10:07:43');
INSERT INTO `users` (id,email,name,username,password,avatar,profile_bio,created_at) VALUES (18,'andre@andre.se','andre','andre','$2y$10$JVpvqrhQXH/xTgZfeqeXxO8751knFrSxkGAZgTLzpqEOTdyAyihlO','18-andre.jpg',NULL,'2019-01-11 10:29:47');

INSERT INTO `posts` (id,user_id,image,description,created) VALUES (8,'8','8-181221:13:34:145c1cebd6274db.jpg','black shoe','2018-12-21 13:34:14');
INSERT INTO `posts` (id,user_id,image,description,created) VALUES (9,'8','8-181221:13:34:215c1cebddd4b62.jpg','boy with class','2018-12-21 13:34:21');
INSERT INTO `posts` (id,user_id,image,description,created) VALUES (11,'8','8-181221:13:56:185c1cf1022d42f.jpg','gurl with style and sitting down','2018-12-21 13:56:18');
INSERT INTO `posts` (id,user_id,image,description,created) VALUES (13,'9','9-181228:16:15:215c264c1955fe6.jpg','knulla','2018-12-28 16:15:21');
INSERT INTO `posts` (id,user_id,image,description,created) VALUES (14,'2','2-181229:12:25:065c2767a2353e4.jpg','skorna','2018-12-29 12:25:06');
INSERT INTO `posts` (id,user_id,image,description,created) VALUES (15,'2','2-181229:12:26:145c2767e6d7e82.jpg','hej','2018-12-29 12:26:14');
INSERT INTO `posts` (id,user_id,image,description,created) VALUES (16,'10','10-190108:15:16:075c34beb79ce8f.jpg','cathis','2019-01-08 15:16:07');
INSERT INTO `posts` (id,user_id,image,description,created) VALUES (17,'11','11-190108:15:20:515c34bfd32326c.jpg','testar','2019-01-08 15:20:51');
INSERT INTO `posts` (id,user_id,image,description,created) VALUES (18,'12','12-190108:15:26:045c34c10c47d05.jpg','testing','2019-01-08 15:26:04');
INSERT INTO `posts` (id,user_id,image,description,created) VALUES (19,'2','2-190109:15:27:255c3612dd12681.jpg','bojackgs my friend ','2019-01-09 15:27:25');
INSERT INTO `posts` (id,user_id,image,description,created) VALUES (20,'16','16-190109:16:36:245c36230876b09.jpeg','Me and my friends on a boat','2019-01-09 16:36:24');

INSERT INTO `likes` (id,post_id,user_id) VALUES (116,9,8);
INSERT INTO `likes` (id,post_id,user_id) VALUES (122,11,2);
INSERT INTO `likes` (id,post_id,user_id) VALUES (123,18,12);
INSERT INTO `likes` (id,post_id,user_id) VALUES (126,18,2);
INSERT INTO `likes` (id,post_id,user_id) VALUES (128,15,2);
INSERT INTO `likes` (id,post_id,user_id) VALUES (129,19,16);
INSERT INTO `likes` (id,post_id,user_id) VALUES (130,17,16);
INSERT INTO `likes` (id,post_id,user_id) VALUES (132,20,16);
